Date,Order ID,Pair,Type,Side,Lot Size,Price,Margin Mode,Status
"2026-03-20T17:37:15.913Z","26756074","XAU/USD","stop_loss","buy","0.200","4558.00","cross","filled"
"2026-03-20T17:37:15.724Z","26756073","XAU/USD","take_profit","buy","0.200","4549.53","cross","cancelled"
"2026-03-20T17:37:15.724Z","26754156","XAU/USD","take_profit","buy","0.200","4550.11","cross","cancelled"
"2026-03-20T17:37:15.724Z","26754157","XAU/USD","stop_loss","buy","0.200","4560.33","cross","cancelled"
"2026-03-20T17:37:15.724Z","26753932","XAU/USD","stop_loss","buy","0.200","4561.87","cross","cancelled"
"2026-03-20T17:37:15.724Z","26755277","XAU/USD","take_profit","buy","0.200","4549.53","cross","cancelled"
"2026-03-20T17:37:15.724Z","26755278","XAU/USD","stop_loss","buy","0.200","4560.33","cross","cancelled"
"2026-03-20T17:37:15.724Z","26754083","XAU/USD","take_profit","buy","0.200","4550.11","cross","cancelled"
"2026-03-20T17:37:15.724Z","26754084","XAU/USD","stop_loss","buy","0.200","4561.87","cross","cancelled"
"2026-03-20T17:37:15.724Z","26755656","XAU/USD","take_profit","buy","0.200","4549.53","cross","cancelled"
"2026-03-20T17:37:15.724Z","26755657","XAU/USD","stop_loss","buy","0.200","4558.20","cross","cancelled"
"2026-03-20T17:37:15.724Z","26755152","XAU/USD","take_profit","buy","0.200","4549.53","cross","cancelled"
"2026-03-20T17:37:15.724Z","26755153","XAU/USD","stop_loss","buy","0.200","4560.33","cross","cancelled"
"2026-03-20T17:35:49.616Z","26753923","XAU/USD","market","sell","0.200","4560.75","cross","filled"
"2026-03-20T17:35:22.696Z","26753159","XAU/USD","stop_loss","buy","0.210","4562.88","cross","filled"
"2026-03-20T17:35:22.523Z","26747347","XAU/USD","take_profit","buy","0.210","4551.27","cross","cancelled"
"2026-03-20T17:35:22.523Z","26747348","XAU/USD","stop_loss","buy","0.210","4569.67","cross","cancelled"
"2026-03-20T17:35:22.523Z","26747260","XAU/USD","take_profit","buy","0.210","4551.27","cross","cancelled"
"2026-03-20T17:35:22.523Z","26747261","XAU/USD","stop_loss","buy","0.210","4571.02","cross","cancelled"
"2026-03-20T17:35:22.523Z","26749045","XAU/USD","take_profit","buy","0.210","4546.53","cross","cancelled"
"2026-03-20T17:35:22.523Z","26747685","XAU/USD","take_profit","buy","0.210","4546.53","cross","cancelled"
"2026-03-20T17:35:22.523Z","26747686","XAU/USD","stop_loss","buy","0.210","4568.92","cross","cancelled"
"2026-03-20T17:35:22.523Z","26747534","XAU/USD","take_profit","buy","0.210","4546.53","cross","cancelled"
"2026-03-20T17:35:22.523Z","26747535","XAU/USD","stop_loss","buy","0.210","4569.67","cross","cancelled"
"2026-03-20T17:35:22.523Z","26747905","XAU/USD","take_profit","buy","0.210","4546.53","cross","cancelled"
"2026-03-20T17:35:22.523Z","26747906","XAU/USD","stop_loss","buy","0.210","4567.30","cross","cancelled"
"2026-03-20T17:35:22.523Z","26747177","XAU/USD","stop_loss","buy","0.210","4571.02","cross","cancelled"
"2026-03-20T17:35:22.523Z","26749110","XAU/USD","take_profit","buy","0.210","4546.53","cross","cancelled"
"2026-03-20T17:35:22.523Z","26749111","XAU/USD","stop_loss","buy","0.210","4566.22","cross","cancelled"
"2026-03-20T17:35:22.523Z","26748379","XAU/USD","take_profit","buy","0.210","4546.53","cross","cancelled"
"2026-03-20T17:35:22.523Z","26748380","XAU/USD","stop_loss","buy","0.210","4567.19","cross","cancelled"
"2026-03-20T17:35:22.523Z","26750248","XAU/USD","take_profit","buy","0.210","4546.53","cross","cancelled"
"2026-03-20T17:35:22.523Z","26750249","XAU/USD","stop_loss","buy","0.210","4565.22","cross","cancelled"
"2026-03-20T17:35:22.523Z","26751768","XAU/USD","take_profit","buy","0.210","4546.53","cross","cancelled"
"2026-03-20T17:35:22.523Z","26751769","XAU/USD","stop_loss","buy","0.210","4563.59","cross","cancelled"
"2026-03-20T17:35:22.523Z","26753158","XAU/USD","take_profit","buy","0.210","4552.30","cross","cancelled"
"2026-03-20T17:35:22.523Z","26749502","XAU/USD","take_profit","buy","0.210","4546.53","cross","cancelled"
"2026-03-20T17:35:22.523Z","26751016","XAU/USD","take_profit","buy","0.210","4546.53","cross","cancelled"
"2026-03-20T17:35:22.523Z","26751017","XAU/USD","stop_loss","buy","0.210","4564.81","cross","cancelled"
"2026-03-20T17:35:22.523Z","26752827","XAU/USD","take_profit","buy","0.210","4550.17","cross","cancelled"
"2026-03-20T17:35:22.523Z","26752828","XAU/USD","stop_loss","buy","0.210","4562.88","cross","cancelled"
"2026-03-20T17:35:22.523Z","26751647","XAU/USD","take_profit","buy","0.210","4546.53","cross","cancelled"
"2026-03-20T17:35:22.523Z","26751648","XAU/USD","stop_loss","buy","0.210","4564.00","cross","cancelled"
"2026-03-20T17:35:22.523Z","26751512","XAU/USD","take_profit","buy","0.210","4546.53","cross","cancelled"
"2026-03-20T17:35:22.523Z","26751513","XAU/USD","stop_loss","buy","0.210","4564.30","cross","cancelled"
"2026-03-20T17:35:22.523Z","26752055","XAU/USD","take_profit","buy","0.210","4546.53","cross","cancelled"
"2026-03-20T17:35:22.523Z","26752056","XAU/USD","stop_loss","buy","0.210","4563.18","cross","cancelled"
"2026-03-20T17:35:22.523Z","26749504","XAU/USD","stop_loss","buy","0.210","4566.11","cross","cancelled"
"2026-03-20T17:35:22.523Z","26752488","XAU/USD","take_profit","buy","0.210","4546.53","cross","cancelled"
"2026-03-20T17:35:22.523Z","26752489","XAU/USD","stop_loss","buy","0.210","4562.88","cross","cancelled"
"2026-03-20T17:35:22.523Z","26749046","XAU/USD","stop_loss","buy","0.210","4566.65","cross","cancelled"
"2026-03-20T17:31:52.264Z","26747168","XAU/USD","market","sell","0.210","4570.00","cross","filled"
"2026-03-20T17:30:49.847Z","26744738","XAU/USD","stop_loss","buy","0.200","4573.68","cross","filled"
"2026-03-20T17:30:49.534Z","26744600","XAU/USD","stop_loss","buy","0.200","4573.68","cross","cancelled"
"2026-03-20T17:30:49.534Z","26744737","XAU/USD","take_profit","buy","0.200","4554.60","cross","cancelled"
"2026-03-20T17:29:54.775Z","26744597","XAU/USD","market","sell","0.200","4572.00","cross","filled"
"2026-03-20T17:28:22.020Z","26741488","XAU/USD","stop_loss","buy","0.200","4575.25","cross","filled"
"2026-03-20T17:28:21.836Z","26741239","XAU/USD","stop_loss","buy","0.200","4575.25","cross","cancelled"
"2026-03-20T17:28:21.836Z","26741487","XAU/USD","take_profit","buy","0.200","4550.75","cross","cancelled"
"2026-03-20T17:26:42.925Z","26741237","XAU/USD","market","sell","0.200","4573.45","cross","filled"
"2026-03-20T17:24:54.508Z","26738974","XAU/USD","stop_loss","buy","0.200","4573.70","cross","filled"
"2026-03-20T17:24:53.769Z","26738972","XAU/USD","market","sell","0.200","4573.59","cross","filled"
"2026-03-20T17:21:35.950Z","26735652","XAU/USD","stop_loss","buy","0.200","4575.83","cross","filled"
"2026-03-20T17:21:35.764Z","26735481","XAU/USD","stop_loss","buy","0.200","4575.83","cross","cancelled"
"2026-03-20T17:21:35.764Z","26735651","XAU/USD","take_profit","buy","0.200","4564.75","cross","cancelled"
"2026-03-20T17:21:35.764Z","26735282","XAU/USD","stop_loss","buy","0.200","4576.59","cross","cancelled"
"2026-03-20T17:21:35.764Z","26735391","XAU/USD","stop_loss","buy","0.200","4575.72","cross","cancelled"
"2026-03-20T17:21:17.259Z","26735277","XAU/USD","market","sell","0.200","4576.29","cross","filled"
"2026-03-20T17:18:21.670Z","26732171","XAU/USD","stop_loss","buy","0.100","4576.39","cross","filled"
"2026-03-20T17:18:21.538Z","26729382","XAU/USD","take_profit","buy","0.100","4567.75","cross","cancelled"
"2026-03-20T17:18:21.538Z","26729383","XAU/USD","stop_loss","buy","0.100","4580.84","cross","cancelled"
"2026-03-20T17:18:21.538Z","26728847","XAU/USD","take_profit","buy","0.100","4568.35","cross","cancelled"
"2026-03-20T17:18:21.538Z","26728848","XAU/USD","stop_loss","buy","0.100","4582.98","cross","cancelled"
"2026-03-20T17:18:21.538Z","26727944","XAU/USD","stop_loss","buy","0.100","4583.32","cross","cancelled"
"2026-03-20T17:18:21.538Z","26728914","XAU/USD","take_profit","buy","0.100","4568.35","cross","cancelled"
"2026-03-20T17:18:21.538Z","26728915","XAU/USD","stop_loss","buy","0.100","4581.51","cross","cancelled"
"2026-03-20T17:18:21.538Z","26729628","XAU/USD","take_profit","buy","0.100","4567.75","cross","cancelled"
"2026-03-20T17:18:21.538Z","26729629","XAU/USD","stop_loss","buy","0.100","4579.64","cross","cancelled"
"2026-03-20T17:18:21.538Z","26730124","XAU/USD","take_profit","buy","0.100","4565.28","cross","cancelled"
"2026-03-20T17:18:21.538Z","26729976","XAU/USD","take_profit","buy","0.100","4565.28","cross","cancelled"
"2026-03-20T17:18:21.538Z","26729977","XAU/USD","stop_loss","buy","0.100","4579.64","cross","cancelled"
"2026-03-20T17:18:21.538Z","26732170","XAU/USD","take_profit","buy","0.100","4565.28","cross","cancelled"
"2026-03-20T17:18:21.538Z","26731215","XAU/USD","take_profit","buy","0.100","4565.28","cross","cancelled"
"2026-03-20T17:18:21.538Z","26731216","XAU/USD","stop_loss","buy","0.100","4576.50","cross","cancelled"
"2026-03-20T17:18:21.538Z","26728106","XAU/USD","take_profit","buy","0.100","4568.35","cross","cancelled"
"2026-03-20T17:18:21.538Z","26728107","XAU/USD","stop_loss","buy","0.100","4583.32","cross","cancelled"
"2026-03-20T17:18:21.538Z","26730125","XAU/USD","stop_loss","buy","0.100","4579.37","cross","cancelled"
"2026-03-20T17:18:21.538Z","26729230","XAU/USD","take_profit","buy","0.100","4567.75","cross","cancelled"
"2026-03-20T17:18:21.538Z","26729231","XAU/USD","stop_loss","buy","0.100","4581.51","cross","cancelled"
"2026-03-20T17:18:21.538Z","26731010","XAU/USD","take_profit","buy","0.100","4565.28","cross","cancelled"
"2026-03-20T17:18:21.538Z","26731011","XAU/USD","stop_loss","buy","0.100","4577.50","cross","cancelled"
"2026-03-20T17:18:21.538Z","26731353","XAU/USD","take_profit","buy","0.100","4565.28","cross","cancelled"
"2026-03-20T17:18:21.538Z","26731354","XAU/USD","stop_loss","buy","0.100","4576.84","cross","cancelled"
"2026-03-20T17:18:21.538Z","26729551","XAU/USD","take_profit","buy","0.100","4567.75","cross","cancelled"
"2026-03-20T17:18:21.538Z","26729552","XAU/USD","stop_loss","buy","0.100","4579.97","cross","cancelled"
"2026-03-20T17:14:43.809Z","26727941","XAU/USD","market","sell","0.100","4581.85","cross","filled"
"2026-03-20T17:12:53.743Z","26726300","XAU/USD","stop_loss","buy","0.100","4584.85","cross","filled"
"2026-03-20T17:12:53.559Z","26726299","XAU/USD","take_profit","buy","0.100","4569.55","cross","cancelled"
"2026-03-20T17:12:53.559Z","26725906","XAU/USD","take_profit","buy","0.100","4569.55","cross","cancelled"
"2026-03-20T17:12:53.559Z","26725907","XAU/USD","stop_loss","buy","0.100","4585.18","cross","cancelled"
"2026-03-20T17:12:53.559Z","26725795","XAU/USD","take_profit","buy","0.100","4569.55","cross","cancelled"
"2026-03-20T17:12:53.559Z","26725796","XAU/USD","stop_loss","buy","0.100","4585.91","cross","cancelled"
"2026-03-20T17:12:53.559Z","26725568","XAU/USD","stop_loss","buy","0.100","4585.91","cross","cancelled"
"2026-03-20T17:12:16.141Z","26725564","XAU/USD","market","sell","0.100","4585.51","cross","filled"
"2026-03-20T17:11:36.331Z","26724610","XAU/USD","stop_loss","buy","0.200","4587.92","cross","filled"
"2026-03-20T17:11:36.048Z","26724104","XAU/USD","stop_loss","buy","0.200","4590.46","cross","cancelled"
"2026-03-20T17:11:36.048Z","26724296","XAU/USD","stop_loss","buy","0.200","4589.52","cross","cancelled"
"2026-03-20T17:11:36.048Z","26724346","XAU/USD","take_profit","buy","0.200","4569.96","cross","cancelled"
"2026-03-20T17:11:36.048Z","26724347","XAU/USD","stop_loss","buy","0.200","4589.52","cross","cancelled"
"2026-03-20T17:11:36.048Z","26724517","XAU/USD","take_profit","buy","0.200","4569.96","cross","cancelled"
"2026-03-20T17:11:36.048Z","26724518","XAU/USD","stop_loss","buy","0.200","4588.79","cross","cancelled"
"2026-03-20T17:11:36.048Z","26724609","XAU/USD","take_profit","buy","0.200","4569.96","cross","cancelled"
"2026-03-20T17:11:06.094Z","26724095","XAU/USD","market","sell","0.200","4589.62","cross","filled"
"2026-03-20T17:05:41.268Z","26716711","XAU/USD","stop_loss","buy","0.100","4581.99","cross","filled"
"2026-03-20T17:05:40.537Z","26716706","XAU/USD","market","sell","0.100","4582.36","cross","filled"
"2026-03-20T17:01:39.344Z","26711913","XAU/USD","stop_loss","buy","0.200","4583.06","cross","filled"
"2026-03-20T17:01:39.083Z","26711701","XAU/USD","stop_loss","buy","0.200","4583.06","cross","cancelled"
"2026-03-20T17:01:39.083Z","26711912","XAU/USD","take_profit","buy","0.200","4554.40","cross","cancelled"
"2026-03-20T17:01:26.173Z","26711691","XAU/USD","market","sell","0.200","4582.83","cross","filled"
"2026-03-20T16:58:22.049Z","26708563","XAU/USD","stop_loss","buy","0.200","4584.00","cross","filled"
"2026-03-20T16:58:21.712Z","26707297","XAU/USD","stop_loss","buy","0.200","4586.19","cross","cancelled"
"2026-03-20T16:58:21.712Z","26708562","XAU/USD","take_profit","buy","0.200","4569.30","cross","cancelled"
"2026-03-20T16:58:21.712Z","26707376","XAU/USD","stop_loss","buy","0.200","4585.64","cross","cancelled"
"2026-03-20T16:58:21.712Z","26708090","XAU/USD","take_profit","buy","0.200","4569.30","cross","cancelled"
"2026-03-20T16:58:21.712Z","26708091","XAU/USD","stop_loss","buy","0.200","4584.96","cross","cancelled"
"2026-03-20T16:58:21.712Z","26708454","XAU/USD","take_profit","buy","0.200","4569.30","cross","cancelled"
"2026-03-20T16:58:21.712Z","26708455","XAU/USD","stop_loss","buy","0.200","4584.00","cross","cancelled"
"2026-03-20T16:58:21.712Z","26707606","XAU/USD","take_profit","buy","0.200","4569.30","cross","cancelled"
"2026-03-20T16:58:21.712Z","26707607","XAU/USD","stop_loss","buy","0.200","4586.70","cross","cancelled"
"2026-03-20T16:58:21.712Z","26707474","XAU/USD","stop_loss","buy","0.200","4586.21","cross","cancelled"
"2026-03-20T16:58:21.712Z","26708522","XAU/USD","take_profit","buy","0.200","4569.30","cross","cancelled"
"2026-03-20T16:58:21.712Z","26708523","XAU/USD","stop_loss","buy","0.200","4583.85","cross","cancelled"
"2026-03-20T16:58:21.712Z","26708412","XAU/USD","take_profit","buy","0.200","4569.30","cross","cancelled"
"2026-03-20T16:58:21.712Z","26708413","XAU/USD","stop_loss","buy","0.200","4584.29","cross","cancelled"
"2026-03-20T16:58:21.712Z","26707532","XAU/USD","stop_loss","buy","0.200","4586.70","cross","cancelled"
"2026-03-20T16:57:05.530Z","26707288","XAU/USD","market","sell","0.200","4585.64","cross","filled"
"2026-03-20T16:52:17.700Z","26699911","XAU/USD","stop_loss","buy","0.150","4574.16","cross","filled"
"2026-03-20T16:52:17.508Z","26699617","XAU/USD","stop_loss","buy","0.150","4575.38","cross","cancelled"
"2026-03-20T16:52:17.508Z","26699910","XAU/USD","take_profit","buy","0.150","4561.34","cross","cancelled"
"2026-03-20T16:52:17.508Z","26699803","XAU/USD","stop_loss","buy","0.150","4574.16","cross","cancelled"
"2026-03-20T16:51:15.505Z","26699612","XAU/USD","market","sell","0.150","4574.36","cross","filled"
"2026-03-20T16:49:39.290Z","26696777","XAU/USD","stop_loss","buy","0.100","4573.49","cross","filled"
"2026-03-20T16:49:39.121Z","26693166","XAU/USD","stop_loss","buy","0.100","4579.67","cross","cancelled"
"2026-03-20T16:49:39.121Z","26694161","XAU/USD","take_profit","buy","0.100","4561.15","cross","cancelled"
"2026-03-20T16:49:39.121Z","26694162","XAU/USD","stop_loss","buy","0.100","4577.40","cross","cancelled"
"2026-03-20T16:49:39.121Z","26693845","XAU/USD","take_profit","buy","0.100","4567.20","cross","cancelled"
"2026-03-20T16:49:39.121Z","26693358","XAU/USD","take_profit","buy","0.100","4570.05","cross","cancelled"
"2026-03-20T16:49:39.121Z","26693359","XAU/USD","stop_loss","buy","0.100","4579.67","cross","cancelled"
"2026-03-20T16:49:39.121Z","26694594","XAU/USD","take_profit","buy","0.100","4558.93","cross","cancelled"
"2026-03-20T16:49:39.121Z","26694829","XAU/USD","take_profit","buy","0.100","4558.93","cross","cancelled"
"2026-03-20T16:49:39.121Z","26694830","XAU/USD","stop_loss","buy","0.100","4575.71","cross","cancelled"
"2026-03-20T16:49:39.121Z","26695029","XAU/USD","take_profit","buy","0.100","4558.93","cross","cancelled"
"2026-03-20T16:49:39.121Z","26695030","XAU/USD","stop_loss","buy","0.100","4575.18","cross","cancelled"
"2026-03-20T16:49:39.121Z","26694245","XAU/USD","take_profit","buy","0.100","4561.15","cross","cancelled"
"2026-03-20T16:49:39.121Z","26694246","XAU/USD","stop_loss","buy","0.100","4575.85","cross","cancelled"
"2026-03-20T16:49:39.121Z","26695390","XAU/USD","take_profit","buy","0.100","4558.93","cross","cancelled"
"2026-03-20T16:49:39.121Z","26695391","XAU/USD","stop_loss","buy","0.100","4577.73","cross","cancelled"
"2026-03-20T16:49:39.121Z","26693656","XAU/USD","take_profit","buy","0.100","4568.13","cross","cancelled"
"2026-03-20T16:49:39.121Z","26693657","XAU/USD","stop_loss","buy","0.100","4577.40","cross","cancelled"
"2026-03-20T16:49:39.121Z","26693552","XAU/USD","take_profit","buy","0.100","4568.13","cross","cancelled"
"2026-03-20T16:49:39.121Z","26693553","XAU/USD","stop_loss","buy","0.100","4579.67","cross","cancelled"
"2026-03-20T16:49:39.121Z","26694432","XAU/USD","take_profit","buy","0.100","4561.15","cross","cancelled"
"2026-03-20T16:49:39.121Z","26694433","XAU/USD","stop_loss","buy","0.100","4575.37","cross","cancelled"
"2026-03-20T16:49:39.121Z","26693846","XAU/USD","stop_loss","buy","0.100","4577.40","cross","cancelled"
"2026-03-20T16:49:39.121Z","26695683","XAU/USD","take_profit","buy","0.100","4558.93","cross","cancelled"
"2026-03-20T16:49:39.121Z","26695684","XAU/USD","stop_loss","buy","0.100","4577.01","cross","cancelled"
"2026-03-20T16:49:39.121Z","26694595","XAU/USD","stop_loss","buy","0.100","4575.37","cross","cancelled"
"2026-03-20T16:49:39.121Z","26695832","XAU/USD","take_profit","buy","0.100","4558.93","cross","cancelled"
"2026-03-20T16:49:39.121Z","26695833","XAU/USD","stop_loss","buy","0.100","4573.49","cross","cancelled"
"2026-03-20T16:49:39.121Z","26696776","XAU/USD","take_profit","buy","0.100","4557.73","cross","cancelled"
"2026-03-20T16:47:24.337Z","26693159","XAU/USD","market","sell","0.100","4578.54","cross","filled"
"2026-03-20T16:46:59.703Z","26692410","XAU/USD","stop_loss","buy","0.100","4580.47","cross","filled"
"2026-03-20T16:46:59.508Z","26683867","XAU/USD","stop_loss","buy","0.100","4591.10","cross","cancelled"
"2026-03-20T16:46:59.508Z","26683681","XAU/USD","stop_loss","buy","0.100","4590.50","cross","cancelled"
"2026-03-20T16:46:59.508Z","26688533","XAU/USD","take_profit","buy","0.100","4567.73","cross","cancelled"
"2026-03-20T16:46:59.508Z","26688534","XAU/USD","stop_loss","buy","0.100","4583.84","cross","cancelled"
"2026-03-20T16:46:59.508Z","26684170","XAU/USD","take_profit","buy","0.100","4567.73","cross","cancelled"
"2026-03-20T16:46:59.508Z","26684171","XAU/USD","stop_loss","buy","0.100","4591.61","cross","cancelled"
"2026-03-20T16:46:59.508Z","26685116","XAU/USD","take_profit","buy","0.100","4567.73","cross","cancelled"
"2026-03-20T16:46:59.508Z","26685117","XAU/USD","stop_loss","buy","0.100","4588.85","cross","cancelled"
"2026-03-20T16:46:59.508Z","26683987","XAU/USD","take_profit","buy","0.100","4567.73","cross","cancelled"
"2026-03-20T16:46:59.508Z","26683988","XAU/USD","stop_loss","buy","0.100","4591.10","cross","cancelled"
"2026-03-20T16:46:59.508Z","26686966","XAU/USD","take_profit","buy","0.100","4567.73","cross","cancelled"
"2026-03-20T16:46:59.508Z","26686967","XAU/USD","stop_loss","buy","0.100","4586.45","cross","cancelled"
"2026-03-20T16:46:59.508Z","26684277","XAU/USD","take_profit","buy","0.100","4567.73","cross","cancelled"
"2026-03-20T16:46:59.508Z","26684278","XAU/USD","stop_loss","buy","0.100","4592.12","cross","cancelled"
"2026-03-20T16:46:59.508Z","26686503","XAU/USD","take_profit","buy","0.100","4567.73","cross","cancelled"
"2026-03-20T16:46:59.508Z","26686504","XAU/USD","stop_loss","buy","0.100","4588.56","cross","cancelled"
"2026-03-20T16:46:59.508Z","26688260","XAU/USD","take_profit","buy","0.100","4567.73","cross","cancelled"
"2026-03-20T16:46:59.508Z","26688262","XAU/USD","stop_loss","buy","0.100","4584.21","cross","cancelled"
"2026-03-20T16:46:59.508Z","26687114","XAU/USD","take_profit","buy","0.100","4567.73","cross","cancelled"
"2026-03-20T16:46:59.508Z","26687115","XAU/USD","stop_loss","buy","0.100","4586.82","cross","cancelled"
"2026-03-20T16:46:59.508Z","26688369","XAU/USD","take_profit","buy","0.100","4567.73","cross","cancelled"
"2026-03-20T16:46:59.508Z","26688370","XAU/USD","stop_loss","buy","0.100","4583.91","cross","cancelled"
"2026-03-20T16:46:59.508Z","26688149","XAU/USD","take_profit","buy","0.100","4567.73","cross","cancelled"
"2026-03-20T16:46:59.508Z","26688150","XAU/USD","stop_loss","buy","0.100","4585.15","cross","cancelled"
"2026-03-20T16:46:59.508Z","26690290","XAU/USD","take_profit","buy","0.100","4567.73","cross","cancelled"
"2026-03-20T16:46:59.508Z","26690291","XAU/USD","stop_loss","buy","0.100","4581.97","cross","cancelled"
"2026-03-20T16:46:59.508Z","26686824","XAU/USD","take_profit","buy","0.100","4567.73","cross","cancelled"
"2026-03-20T16:46:59.508Z","26686825","XAU/USD","stop_loss","buy","0.100","4587.11","cross","cancelled"
"2026-03-20T16:46:59.508Z","26688103","XAU/USD","take_profit","buy","0.100","4567.73","cross","cancelled"
"2026-03-20T16:46:59.508Z","26688104","XAU/USD","stop_loss","buy","0.100","4586.09","cross","cancelled"
"2026-03-20T16:46:59.508Z","26691406","XAU/USD","take_profit","buy","0.100","4567.73","cross","cancelled"
"2026-03-20T16:46:59.508Z","26690902","XAU/USD","take_profit","buy","0.100","4567.73","cross","cancelled"
"2026-03-20T16:46:59.508Z","26690903","XAU/USD","stop_loss","buy","0.100","4581.12","cross","cancelled"
"2026-03-20T16:46:59.508Z","26689494","XAU/USD","take_profit","buy","0.100","4567.73","cross","cancelled"
"2026-03-20T16:46:59.508Z","26689495","XAU/USD","stop_loss","buy","0.100","4583.09","cross","cancelled"
"2026-03-20T16:46:59.508Z","26692153","XAU/USD","take_profit","buy","0.100","4567.73","cross","cancelled"
"2026-03-20T16:46:59.508Z","26692154","XAU/USD","stop_loss","buy","0.100","4580.47","cross","cancelled"
"2026-03-20T16:46:59.508Z","26685690","XAU/USD","take_profit","buy","0.100","4567.73","cross","cancelled"
"2026-03-20T16:46:59.508Z","26685691","XAU/USD","stop_loss","buy","0.100","4588.41","cross","cancelled"
"2026-03-20T16:46:59.508Z","26691408","XAU/USD","stop_loss","buy","0.100","4581.01","cross","cancelled"
"2026-03-20T16:46:59.508Z","26690574","XAU/USD","take_profit","buy","0.100","4567.73","cross","cancelled"
"2026-03-20T16:46:59.508Z","26690575","XAU/USD","stop_loss","buy","0.100","4580.11","cross","cancelled"
"2026-03-20T16:46:59.508Z","26692409","XAU/USD","take_profit","buy","0.100","4566.53","cross","cancelled"
"2026-03-20T16:41:19.677Z","26683674","XAU/USD","market","sell","0.100","4589.09","cross","filled"
"2026-03-20T16:38:50.119Z","26679965","XAU/USD","stop_loss","buy","0.100","4586.08","cross","filled"
"2026-03-20T16:38:49.863Z","26679851","XAU/USD","stop_loss","buy","0.100","4586.08","cross","cancelled"
"2026-03-20T16:38:49.863Z","26679657","XAU/USD","stop_loss","buy","0.100","4587.63","cross","cancelled"
"2026-03-20T16:38:49.863Z","26679964","XAU/USD","take_profit","buy","0.100","4554.51","cross","cancelled"
"2026-03-20T16:38:27.979Z","26679648","XAU/USD","market","sell","0.100","4586.34","cross","filled"
"2026-03-20T16:35:23.834Z","26671728","XAU/USD","stop_loss","buy","0.050","4584.83","cross","filled"
"2026-03-20T16:35:23.618Z","26653917","XAU/USD","take_profit","buy","0.200","4578.89","cross","cancelled"
"2026-03-20T16:35:23.618Z","26653918","XAU/USD","stop_loss","buy","0.200","4607.01","cross","cancelled"
"2026-03-20T16:35:23.618Z","26653318","XAU/USD","stop_loss","buy","0.200","4607.01","cross","cancelled"
"2026-03-20T16:35:23.618Z","26653202","XAU/USD","stop_loss","buy","0.200","4608.88","cross","cancelled"
"2026-03-20T16:35:23.618Z","26655048","XAU/USD","take_profit","buy","0.200","4585.73","cross","cancelled"
"2026-03-20T16:35:23.618Z","26655049","XAU/USD","stop_loss","buy","0.200","4605.55","cross","cancelled"
"2026-03-20T16:35:23.618Z","26656163","XAU/USD","take_profit","buy","0.200","4585.73","cross","cancelled"
"2026-03-20T16:35:23.618Z","26656164","XAU/USD","stop_loss","buy","0.200","4602.03","cross","cancelled"
"2026-03-20T16:35:23.618Z","26653633","XAU/USD","take_profit","buy","0.200","4589.93","cross","cancelled"
"2026-03-20T16:35:23.618Z","26653634","XAU/USD","stop_loss","buy","0.200","4607.01","cross","cancelled"
"2026-03-20T16:35:23.618Z","26654211","XAU/USD","take_profit","buy","0.200","4578.89","cross","cancelled"
"2026-03-20T16:35:23.618Z","26654212","XAU/USD","stop_loss","buy","0.200","4606.14","cross","cancelled"
"2026-03-20T16:35:23.618Z","26654654","XAU/USD","take_profit","buy","0.200","4582.12","cross","cancelled"
"2026-03-20T16:35:23.618Z","26654655","XAU/USD","stop_loss","buy","0.200","4606.14","cross","cancelled"
"2026-03-20T16:35:23.618Z","26654882","XAU/USD","take_profit","buy","0.200","4585.73","cross","cancelled"
"2026-03-20T16:35:23.618Z","26654883","XAU/USD","stop_loss","buy","0.200","4606.14","cross","cancelled"
"2026-03-20T16:35:23.618Z","26653858","XAU/USD","take_profit","buy","0.200","4582.12","cross","cancelled"
"2026-03-20T16:35:23.618Z","26653859","XAU/USD","stop_loss","buy","0.200","4607.01","cross","cancelled"
"2026-03-20T16:35:23.618Z","26656472","XAU/USD","take_profit","buy","0.200","4585.73","cross","cancelled"
"2026-03-20T16:35:23.618Z","26656473","XAU/USD","stop_loss","buy","0.200","4600.47","cross","cancelled"
"2026-03-20T16:35:23.618Z","26655337","XAU/USD","take_profit","buy","0.200","4585.73","cross","cancelled"
"2026-03-20T16:35:23.618Z","26655338","XAU/USD","stop_loss","buy","0.200","4601.84","cross","cancelled"
"2026-03-20T16:35:23.618Z","26653387","XAU/USD","take_profit","buy","0.200","4585.53","cross","cancelled"
"2026-03-20T16:35:23.618Z","26653388","XAU/USD","stop_loss","buy","0.200","4607.01","cross","cancelled"
"2026-03-20T16:35:23.618Z","26656592","XAU/USD","take_profit","buy","0.200","4585.73","cross","cancelled"
"2026-03-20T16:35:23.618Z","26656593","XAU/USD","stop_loss","buy","0.200","4601.16","cross","cancelled"
"2026-03-20T16:35:23.618Z","26655202","XAU/USD","take_profit","buy","0.200","4585.73","cross","cancelled"
"2026-03-20T16:35:23.618Z","26655203","XAU/USD","stop_loss","buy","0.200","4604.28","cross","cancelled"
"2026-03-20T16:35:23.618Z","26653696","XAU/USD","take_profit","buy","0.200","4586.22","cross","cancelled"
"2026-03-20T16:35:23.618Z","26653697","XAU/USD","stop_loss","buy","0.200","4607.01","cross","cancelled"
"2026-03-20T16:35:23.618Z","26656715","XAU/USD","take_profit","buy","0.200","4585.73","cross","cancelled"
"2026-03-20T16:35:23.618Z","26656716","XAU/USD","stop_loss","buy","0.200","4600.47","cross","cancelled"
"2026-03-20T16:35:23.618Z","26655539","XAU/USD","take_profit","buy","0.200","4585.73","cross","cancelled"
"2026-03-20T16:35:23.618Z","26655540","XAU/USD","stop_loss","buy","0.200","4602.43","cross","cancelled"
"2026-03-20T16:35:23.618Z","26656787","XAU/USD","take_profit","buy","0.200","4588.56","cross","cancelled"
"2026-03-20T16:35:23.618Z","26656788","XAU/USD","stop_loss","buy","0.200","4600.47","cross","cancelled"
"2026-03-20T16:35:23.618Z","26657140","XAU/USD","take_profit","buy","0.200","4583.78","cross","cancelled"
"2026-03-20T16:35:23.618Z","26657141","XAU/USD","stop_loss","buy","0.200","4597.45","cross","cancelled"
"2026-03-20T16:35:23.618Z","26657297","XAU/USD","take_profit","buy","0.200","4583.78","cross","cancelled"
"2026-03-20T16:35:23.618Z","26657298","XAU/USD","stop_loss","buy","0.200","4596.18","cross","cancelled"
"2026-03-20T16:35:23.618Z","26656894","XAU/USD","take_profit","buy","0.200","4588.56","cross","cancelled"
"2026-03-20T16:35:23.618Z","26656895","XAU/USD","stop_loss","buy","0.200","4597.45","cross","cancelled"
"2026-03-20T16:35:23.618Z","26656371","XAU/USD","take_profit","buy","0.200","4585.73","cross","cancelled"
"2026-03-20T16:35:23.618Z","26656372","XAU/USD","stop_loss","buy","0.200","4601.16","cross","cancelled"
"2026-03-20T16:35:23.618Z","26659388","XAU/USD","take_profit","buy","0.200","4580.16","cross","cancelled"
"2026-03-20T16:35:23.618Z","26659389","XAU/USD","stop_loss","buy","0.200","4593.93","cross","cancelled"
"2026-03-20T16:35:23.618Z","26660166","XAU/USD","take_profit","buy","0.200","4580.16","cross","cancelled"
"2026-03-20T16:35:23.618Z","26660167","XAU/USD","stop_loss","buy","0.200","4592.17","cross","cancelled"
"2026-03-20T16:35:23.618Z","26661753","XAU/USD","take_profit","buy","0.050","4567.37","cross","cancelled"
"2026-03-20T16:35:23.618Z","26661754","XAU/USD","stop_loss","buy","0.050","4591.98","cross","cancelled"
"2026-03-20T16:35:23.618Z","26658503","XAU/USD","take_profit","buy","0.200","4580.16","cross","cancelled"
"2026-03-20T16:35:23.618Z","26658504","XAU/USD","stop_loss","buy","0.200","4596.18","cross","cancelled"
"2026-03-20T16:35:23.618Z","26658611","XAU/USD","take_profit","buy","0.200","4580.16","cross","cancelled"
"2026-03-20T16:35:23.618Z","26658612","XAU/USD","stop_loss","buy","0.200","4595.00","cross","cancelled"
"2026-03-20T16:35:23.618Z","26661182","XAU/USD","take_profit","buy","0.200","4580.16","cross","cancelled"
"2026-03-20T16:35:23.618Z","26661183","XAU/USD","stop_loss","buy","0.200","4590.51","cross","cancelled"
"2026-03-20T16:35:23.618Z","26664257","XAU/USD","take_profit","buy","0.050","4537.54","cross","cancelled"
"2026-03-20T16:35:23.618Z","26660278","XAU/USD","take_profit","buy","0.200","4580.16","cross","cancelled"
"2026-03-20T16:35:23.618Z","26660279","XAU/USD","stop_loss","buy","0.200","4591.39","cross","cancelled"
"2026-03-20T16:35:23.618Z","26662425","XAU/USD","stop_loss","buy","0.050","4596.76","cross","cancelled"
"2026-03-20T16:35:23.618Z","26661895","XAU/USD","take_profit","buy","0.050","4567.37","cross","cancelled"
"2026-03-20T16:35:23.618Z","26661896","XAU/USD","stop_loss","buy","0.050","4600.47","cross","cancelled"
"2026-03-20T16:35:23.618Z","26661354","XAU/USD","take_profit","buy","0.050","4578.60","cross","cancelled"
"2026-03-20T16:35:23.618Z","26661355","XAU/USD","stop_loss","buy","0.050","4590.51","cross","cancelled"
"2026-03-20T16:35:23.618Z","26662217","XAU/USD","take_profit","buy","0.050","4567.37","cross","cancelled"
"2026-03-20T16:35:23.618Z","26662218","XAU/USD","stop_loss","buy","0.050","4596.76","cross","cancelled"
"2026-03-20T16:35:23.618Z","26660610","XAU/USD","take_profit","buy","0.200","4580.16","cross","cancelled"
"2026-03-20T16:35:23.618Z","26660611","XAU/USD","stop_loss","buy","0.200","4591.20","cross","cancelled"
"2026-03-20T16:35:23.618Z","26662934","XAU/USD","take_profit","buy","0.050","4556.83","cross","cancelled"
"2026-03-20T16:35:23.618Z","26662935","XAU/USD","stop_loss","buy","0.050","4595.16","cross","cancelled"
"2026-03-20T16:35:23.618Z","26661713","XAU/USD","take_profit","buy","0.050","4578.60","cross","cancelled"
"2026-03-20T16:35:23.618Z","26661714","XAU/USD","stop_loss","buy","0.050","4591.98","cross","cancelled"
"2026-03-20T16:35:23.618Z","26665629","XAU/USD","take_profit","buy","0.050","4541.62","cross","cancelled"
"2026-03-20T16:35:23.618Z","26665630","XAU/USD","stop_loss","buy","0.050","4590.11","cross","cancelled"
"2026-03-20T16:35:23.618Z","26663260","XAU/USD","take_profit","buy","0.050","4549.57","cross","cancelled"
"2026-03-20T16:35:23.618Z","26663261","XAU/USD","stop_loss","buy","0.050","4595.88","cross","cancelled"
"2026-03-20T16:35:23.618Z","26662015","XAU/USD","take_profit","buy","0.050","4567.37","cross","cancelled"
"2026-03-20T16:35:23.618Z","26662016","XAU/USD","stop_loss","buy","0.050","4599.30","cross","cancelled"
"2026-03-20T16:35:23.618Z","26667156","XAU/USD","take_profit","buy","0.050","4541.62","cross","cancelled"
"2026-03-20T16:35:23.618Z","26667157","XAU/USD","stop_loss","buy","0.050","4587.09","cross","cancelled"
"2026-03-20T16:35:23.618Z","26666808","XAU/USD","take_profit","buy","0.050","4541.62","cross","cancelled"
"2026-03-20T16:35:23.618Z","26666809","XAU/USD","stop_loss","buy","0.050","4589.58","cross","cancelled"
"2026-03-20T16:35:23.618Z","26663677","XAU/USD","take_profit","buy","0.050","4537.54","cross","cancelled"
"2026-03-20T16:35:23.618Z","26663678","XAU/USD","stop_loss","buy","0.050","4595.88","cross","cancelled"
"2026-03-20T16:35:23.618Z","26664258","XAU/USD","stop_loss","buy","0.050","4595.47","cross","cancelled"
"2026-03-20T16:35:23.618Z","26665429","XAU/USD","take_profit","buy","0.050","4541.62","cross","cancelled"
"2026-03-20T16:35:23.618Z","26665430","XAU/USD","stop_loss","buy","0.050","4592.38","cross","cancelled"
"2026-03-20T16:35:23.618Z","26664853","XAU/USD","take_profit","buy","0.050","4537.54","cross","cancelled"
"2026-03-20T16:35:23.618Z","26664854","XAU/USD","stop_loss","buy","0.050","4592.38","cross","cancelled"
"2026-03-20T16:35:23.618Z","26666976","XAU/USD","take_profit","buy","0.050","4541.62","cross","cancelled"
"2026-03-20T16:35:23.618Z","26666977","XAU/USD","stop_loss","buy","0.050","4589.11","cross","cancelled"
"2026-03-20T16:35:23.618Z","26668941","XAU/USD","take_profit","buy","0.050","4539.76","cross","cancelled"
"2026-03-20T16:35:23.618Z","26668942","XAU/USD","stop_loss","buy","0.050","4583.41","cross","cancelled"
"2026-03-20T16:35:23.618Z","26668666","XAU/USD","take_profit","buy","0.050","4539.76","cross","cancelled"
"2026-03-20T16:35:23.618Z","26668667","XAU/USD","stop_loss","buy","0.050","4586.26","cross","cancelled"
"2026-03-20T16:35:23.618Z","26670789","XAU/USD","take_profit","buy","0.050","4539.76","cross","cancelled"
"2026-03-20T16:35:23.618Z","26670790","XAU/USD","stop_loss","buy","0.050","4582.94","cross","cancelled"
"2026-03-20T16:35:23.618Z","26671052","XAU/USD","take_profit","buy","0.050","4539.76","cross","cancelled"
"2026-03-20T16:35:23.618Z","26671053","XAU/USD","stop_loss","buy","0.050","4583.65","cross","cancelled"
"2026-03-20T16:35:23.618Z","26668320","XAU/USD","take_profit","buy","0.050","4541.62","cross","cancelled"
"2026-03-20T16:35:23.618Z","26668321","XAU/USD","stop_loss","buy","0.050","4586.26","cross","cancelled"
"2026-03-20T16:35:23.618Z","26670055","XAU/USD","take_profit","buy","0.050","4539.76","cross","cancelled"
"2026-03-20T16:35:23.618Z","26670056","XAU/USD","stop_loss","buy","0.050","4583.53","cross","cancelled"
"2026-03-20T16:35:23.618Z","26662424","XAU/USD","take_profit","buy","0.050","4556.83","cross","cancelled"
"2026-03-20T16:35:23.618Z","26663139","XAU/USD","take_profit","buy","0.050","4549.57","cross","cancelled"
"2026-03-20T16:35:23.618Z","26663140","XAU/USD","stop_loss","buy","0.050","4595.16","cross","cancelled"
"2026-03-20T16:35:23.618Z","26671727","XAU/USD","take_profit","buy","0.050","4539.76","cross","cancelled"
"2026-03-20T16:27:44.064Z","26661604","XAU/USD","market","buy","0.150","4587.75","cross","filled"
"2026-03-20T16:22:07.667Z","26653197","XAU/USD","market","sell","0.200","4607.44","cross","filled"
"2026-03-20T16:20:29.323Z","26649084","XAU/USD","stop_loss","buy","0.200","4603.65","cross","filled"
"2026-03-20T16:20:12.296Z","26649078","XAU/USD","market","sell","0.200","4601.75","cross","filled"
"2026-03-20T16:17:39.454Z","26642832","XAU/USD","stop_loss","buy","0.200","4587.98","cross","filled"
"2026-03-20T16:17:39.288Z","26642131","XAU/USD","take_profit","buy","0.200","4556.16","cross","cancelled"
"2026-03-20T16:17:39.288Z","26642132","XAU/USD","stop_loss","buy","0.200","4588.12","cross","cancelled"
"2026-03-20T16:17:39.288Z","26641380","XAU/USD","stop_loss","buy","0.200","4588.40","cross","cancelled"
"2026-03-20T16:17:39.288Z","26642051","XAU/USD","take_profit","buy","0.200","4556.16","cross","cancelled"
"2026-03-20T16:17:39.288Z","26642052","XAU/USD","stop_loss","buy","0.200","4588.40","cross","cancelled"
"2026-03-20T16:17:39.288Z","26642831","XAU/USD","take_profit","buy","0.200","4554.24","cross","cancelled"
"2026-03-20T16:17:39.288Z","26641680","XAU/USD","take_profit","buy","0.200","4570.18","cross","cancelled"
"2026-03-20T16:17:39.288Z","26641681","XAU/USD","stop_loss","buy","0.200","4588.40","cross","cancelled"
"2026-03-20T16:17:39.288Z","26642572","XAU/USD","take_profit","buy","0.200","4556.16","cross","cancelled"
"2026-03-20T16:17:39.288Z","26642573","XAU/USD","stop_loss","buy","0.200","4587.98","cross","cancelled"
"2026-03-20T16:15:47.597Z","26641370","XAU/USD","market","sell","0.200","4588.48","cross","filled"
"2026-03-20T15:59:23.498Z","26616494","XAU/USD","stop_loss","buy","0.200","4554.77","cross","filled"
"2026-03-20T15:59:23.302Z","26616493","XAU/USD","take_profit","buy","0.200","4545.20","cross","cancelled"
"2026-03-20T15:59:23.302Z","26615874","XAU/USD","stop_loss","buy","0.200","4554.76","cross","cancelled"
"2026-03-20T15:59:23.302Z","26616096","XAU/USD","take_profit","buy","0.200","4545.42","cross","cancelled"
"2026-03-20T15:59:23.302Z","26616097","XAU/USD","stop_loss","buy","0.200","4554.77","cross","cancelled"
"2026-03-20T15:59:23.302Z","26616018","XAU/USD","take_profit","buy","0.200","4545.42","cross","cancelled"
"2026-03-20T15:59:23.302Z","26616019","XAU/USD","stop_loss","buy","0.200","4554.76","cross","cancelled"
"2026-03-20T15:58:16.371Z","26615867","XAU/USD","market","sell","0.200","4553.50","cross","filled"
"2026-03-20T15:57:13.803Z","26613488","XAU/USD","stop_loss","buy","0.200","4555.04","cross","filled"
"2026-03-20T15:57:13.578Z","26612849","XAU/USD","stop_loss","buy","0.200","4556.58","cross","cancelled"
"2026-03-20T15:57:13.578Z","26612518","XAU/USD","stop_loss","buy","0.200","4556.58","cross","cancelled"
"2026-03-20T15:57:13.578Z","26612848","XAU/USD","take_profit","buy","0.200","4545.35","cross","cancelled"
"2026-03-20T15:57:13.578Z","26613487","XAU/USD","take_profit","buy","0.200","4545.35","cross","cancelled"
"2026-03-20T15:56:07.094Z","26612506","XAU/USD","market","sell","0.200","4555.12","cross","filled"
"2026-03-20T15:55:20.377Z","26611263","XAU/USD","stop_loss","buy","0.200","4556.32","cross","filled"
"2026-03-20T15:55:20.192Z","26611118","XAU/USD","stop_loss","buy","0.200","4557.09","cross","cancelled"
"2026-03-20T15:55:10.817Z","26611113","XAU/USD","market","sell","0.200","4556.40","cross","filled"
"2026-03-20T15:30:57.916Z","26578090","XAU/USD","stop_loss","buy","0.300","4561.25","cross","filled"
"2026-03-20T15:30:57.584Z","26577890","XAU/USD","stop_loss","buy","0.300","4562.88","cross","cancelled"
"2026-03-20T15:30:47.992Z","26577881","XAU/USD","market","sell","0.300","4561.08","cross","filled"
"2026-03-20T15:27:12.827Z","26572211","XAU/USD","stop_loss","buy","0.300","4544.18","cross","filled"
"2026-03-20T15:27:12.628Z","26571272","XAU/USD","stop_loss","buy","0.300","4545.24","cross","cancelled"
"2026-03-20T15:27:12.628Z","26572209","XAU/USD","take_profit","buy","0.300","4519.43","cross","cancelled"
"2026-03-20T15:27:12.628Z","26571930","XAU/USD","stop_loss","buy","0.300","4544.18","cross","cancelled"
"2026-03-20T15:26:36.675Z","26571264","XAU/USD","market","sell","0.300","4544.27","cross","filled"
"2026-03-20T15:26:00.851Z","26569576","XAU/USD","stop_loss","buy","0.300","4547.28","cross","filled"
"2026-03-20T15:25:59.998Z","26569555","XAU/USD","market","sell","0.300","4549.53","cross","filled"
"2026-03-20T12:26:29.396Z","26243386","XAU/USD","stop_loss","sell","0.040","4680.00","cross","filled"
"2026-03-20T12:18:21.349Z","26243381","XAU/USD","market","buy","0.040","4684.90","cross","filled"
"2026-03-20T12:01:21.372Z","26208881","XAU/USD","stop_loss","buy","0.030","4680.00","cross","filled"
"2026-03-20T11:56:13.473Z","26208877","XAU/USD","market","sell","0.030","4664.60","cross","filled"
"2026-03-19T15:22:15.154Z","24922629","XAU/USD","stop_loss","buy","0.100","4610.19","cross","filled"
"2026-03-19T15:22:14.958Z","24921230","XAU/USD","stop_loss","buy","0.100","4614.24","cross","cancelled"
"2026-03-19T15:22:14.958Z","24920953","XAU/USD","stop_loss","buy","0.100","4612.78","cross","cancelled"
"2026-03-19T15:22:14.958Z","24921389","XAU/USD","take_profit","buy","0.100","4594.82","cross","cancelled"
"2026-03-19T15:22:14.958Z","24921390","XAU/USD","stop_loss","buy","0.100","4614.24","cross","cancelled"
"2026-03-19T15:22:14.958Z","24922628","XAU/USD","take_profit","buy","0.100","4594.82","cross","cancelled"
"2026-03-19T15:21:09.743Z","24920942","XAU/USD","market","sell","0.100","4610.47","cross","filled"
"2026-03-19T15:15:08.511Z","24911233","XAU/USD","stop_loss","sell","0.100","4626.65","cross","filled"
"2026-03-19T15:15:08.266Z","24911232","XAU/USD","take_profit","sell","0.100","4639.74","cross","cancelled"
"2026-03-19T15:15:08.266Z","24910860","XAU/USD","stop_loss","sell","0.100","4626.65","cross","cancelled"
"2026-03-19T15:14:47.475Z","24910854","XAU/USD","market","buy","0.100","4628.12","cross","filled"
"2026-03-19T11:51:29.419Z","24443297","XAU/USD","take_profit","buy","0.020","4655.49","cross","filled"
"2026-03-19T11:51:29.224Z","24432451","XAU/USD","take_profit","buy","0.020","4655.00","cross","cancelled"
"2026-03-19T11:51:29.224Z","24441783","XAU/USD","take_profit","buy","0.020","4653.53","cross","cancelled"
"2026-03-19T11:51:29.224Z","24432452","XAU/USD","stop_loss","buy","0.020","4710.00","cross","cancelled"
"2026-03-19T11:51:29.224Z","24441784","XAU/USD","stop_loss","buy","0.020","4710.00","cross","cancelled"
"2026-03-19T11:51:29.224Z","24443021","XAU/USD","take_profit","buy","0.020","4654.90","cross","cancelled"
"2026-03-19T11:51:29.224Z","24443022","XAU/USD","stop_loss","buy","0.020","4710.00","cross","cancelled"
"2026-03-19T11:51:29.224Z","24443298","XAU/USD","stop_loss","buy","0.020","4710.00","cross","cancelled"
"2026-03-19T10:34:35.209Z","24432448","XAU/USD","market","sell","0.020","4695.79","cross","filled"
"2026-03-19T07:21:05.155Z","24127137","XAU/USD","stop_loss","buy","0.080","4772.74","cross","filled"
"2026-03-19T07:21:05.014Z","24127136","XAU/USD","take_profit","buy","0.080","4748.99","cross","cancelled"
"2026-03-19T07:21:05.014Z","24126466","XAU/USD","take_profit","buy","0.080","4748.99","cross","cancelled"
"2026-03-19T07:21:05.014Z","24126467","XAU/USD","stop_loss","buy","0.080","4775.25","cross","cancelled"
"2026-03-19T07:20:48.163Z","24126455","XAU/USD","market","sell","0.080","4773.26","cross","filled"
"2026-03-18T15:46:54.373Z","23248819","XAU/USD","stop_loss","buy","0.300","4862.65","cross","filled"
"2026-03-18T15:46:54.123Z","23248668","XAU/USD","stop_loss","buy","0.300","4864.25","cross","cancelled"
"2026-03-18T15:46:50.510Z","23248652","XAU/USD","market","sell","0.300","4863.56","cross","filled"
"2026-03-18T15:46:41.390Z","23248290","XAU/USD","stop_loss","buy","0.300","4865.06","cross","filled"
"2026-03-18T15:46:41.108Z","23248231","XAU/USD","take_profit","buy","0.300","4861.80","cross","cancelled"
"2026-03-18T15:46:41.108Z","23248232","XAU/USD","stop_loss","buy","0.300","4865.42","cross","cancelled"
"2026-03-18T15:46:41.108Z","23248142","XAU/USD","take_profit","buy","0.300","4861.80","cross","cancelled"
"2026-03-18T15:46:41.108Z","23248289","XAU/USD","take_profit","buy","0.300","4861.80","cross","cancelled"
"2026-03-18T15:46:41.108Z","23248143","XAU/USD","stop_loss","buy","0.300","4866.17","cross","cancelled"
"2026-03-18T15:46:35.411Z","23248136","XAU/USD","market","sell","0.300","4865.90","cross","filled"
"2026-03-18T15:45:47.011Z","23246744","XAU/USD","stop_loss","sell","0.300","4865.65","cross","filled"
"2026-03-18T15:45:46.724Z","23246625","XAU/USD","take_profit","sell","0.300","4869.13","cross","cancelled"
"2026-03-18T15:45:46.724Z","23246743","XAU/USD","take_profit","sell","0.300","4869.13","cross","cancelled"
"2026-03-18T15:45:46.724Z","23246626","XAU/USD","stop_loss","sell","0.300","4864.75","cross","cancelled"
"2026-03-18T15:45:42.453Z","23246618","XAU/USD","market","buy","0.300","4865.51","cross","filled"
"2026-03-18T15:45:00.149Z","23244988","XAU/USD","stop_loss","buy","0.300","4865.49","cross","filled"
"2026-03-18T15:44:59.863Z","23243996","XAU/USD","take_profit","buy","0.300","4864.14","cross","cancelled"
"2026-03-18T15:44:59.863Z","23243998","XAU/USD","stop_loss","buy","0.300","4868.52","cross","cancelled"
"2026-03-18T15:44:59.863Z","23244201","XAU/USD","stop_loss","buy","0.300","4866.69","cross","cancelled"
"2026-03-18T15:44:59.863Z","23244361","XAU/USD","take_profit","buy","0.300","4864.14","cross","cancelled"
"2026-03-18T15:44:59.863Z","23244362","XAU/USD","stop_loss","buy","0.300","4866.45","cross","cancelled"
"2026-03-18T15:44:59.863Z","23244583","XAU/USD","stop_loss","buy","0.300","4866.27","cross","cancelled"
"2026-03-18T15:44:59.863Z","23244088","XAU/USD","stop_loss","buy","0.300","4867.58","cross","cancelled"
"2026-03-18T15:44:59.863Z","23244087","XAU/USD","take_profit","buy","0.300","4864.14","cross","cancelled"
"2026-03-18T15:44:59.863Z","23244200","XAU/USD","take_profit","buy","0.300","4864.14","cross","cancelled"
"2026-03-18T15:44:59.863Z","23244870","XAU/USD","take_profit","buy","0.300","4864.14","cross","cancelled"
"2026-03-18T15:44:59.863Z","23244871","XAU/USD","stop_loss","buy","0.300","4865.77","cross","cancelled"
"2026-03-18T15:44:59.863Z","23244987","XAU/USD","take_profit","buy","0.300","4864.14","cross","cancelled"
"2026-03-18T15:44:59.863Z","23244582","XAU/USD","take_profit","buy","0.300","4864.14","cross","cancelled"
"2026-03-18T15:44:32.445Z","23243992","XAU/USD","market","sell","0.300","4868.08","cross","filled"
"2026-03-18T15:44:15.719Z","23243542","XAU/USD","stop_loss","buy","0.300","4868.67","cross","filled"
"2026-03-18T15:44:15.535Z","23243541","XAU/USD","take_profit","buy","0.300","4864.77","cross","cancelled"
"2026-03-18T15:44:08.386Z","23243538","XAU/USD","market","sell","0.300","4867.97","cross","filled"
"2026-03-18T14:42:12.872Z","23148444","XAU/USD","stop_loss","buy","0.310","4860.56","cross","filled"
"2026-03-18T14:42:06.501Z","23148316","XAU/USD","take_profit","buy","0.310","4857.29","cross","cancelled"
"2026-03-18T14:42:06.501Z","23148317","XAU/USD","stop_loss","buy","0.310","4861.67","cross","cancelled"
"2026-03-18T14:42:06.501Z","23148443","XAU/USD","take_profit","buy","0.310","4857.29","cross","cancelled"
"2026-03-18T14:41:42.707Z","23148152","XAU/USD","market","sell","0.310","4861.25","cross","filled"
"2026-03-18T14:39:26.540Z","23144396","XAU/USD","stop_loss","sell","0.310","4864.52","cross","filled"
"2026-03-18T14:39:19.511Z","23143981","XAU/USD","take_profit","sell","0.310","4867.33","cross","cancelled"
"2026-03-18T14:39:19.511Z","23144099","XAU/USD","stop_loss","sell","0.310","4863.79","cross","cancelled"
"2026-03-18T14:39:19.511Z","23144395","XAU/USD","take_profit","sell","0.310","4867.33","cross","cancelled"
"2026-03-18T14:39:19.511Z","23143982","XAU/USD","stop_loss","sell","0.310","4863.44","cross","cancelled"
"2026-03-18T14:39:19.511Z","23144098","XAU/USD","take_profit","sell","0.310","4867.33","cross","cancelled"
"2026-03-18T14:39:19.511Z","23144585","XAU/USD","take_profit","sell","0.310","4867.33","cross","cancelled"
"2026-03-18T14:39:19.511Z","23144586","XAU/USD","stop_loss","sell","0.310","4863.92","cross","cancelled"
"2026-03-18T14:38:46.738Z","23143797","XAU/USD","market","buy","0.310","4863.56","cross","filled"
"2026-03-18T14:36:24.152Z","23139790","XAU/USD","stop_loss","buy","0.310","4858.83","cross","filled"
"2026-03-18T14:36:16.816Z","23139520","XAU/USD","stop_loss","buy","0.310","4860.60","cross","cancelled"
"2026-03-18T14:35:51.379Z","23139337","XAU/USD","market","sell","0.310","4860.29","cross","filled"
"2026-03-18T14:35:05.809Z","23138251","XAU/USD","market","sell","0.310","4862.24","cross","filled"
"2026-03-18T14:35:03.921Z","23137653","XAU/USD","stop_loss","sell","0.310","4862.37","cross","cancelled"
"2026-03-18T14:34:31.733Z","23137481","XAU/USD","market","buy","0.310","4862.97","cross","filled"
"2026-03-18T14:33:27.395Z","23135308","XAU/USD","stop_loss","buy","0.100","4859.96","cross","filled"
"2026-03-18T14:33:20.162Z","23135511","XAU/USD","stop_loss","buy","0.100","4859.96","cross","cancelled"
"2026-03-18T14:33:20.162Z","23134960","XAU/USD","stop_loss","buy","0.100","4861.12","cross","cancelled"
"2026-03-18T14:33:20.162Z","23135510","XAU/USD","take_profit","buy","0.100","4856.25","cross","cancelled"
"2026-03-18T14:32:46.289Z","23134807","XAU/USD","market","sell","0.100","4860.43","cross","filled"
"2026-03-18T14:32:22.125Z","23133582","XAU/USD","stop_loss","buy","0.310","4858.28","cross","filled"
"2026-03-18T14:32:15.345Z","23133289","XAU/USD","stop_loss","buy","0.310","4860.29","cross","cancelled"
"2026-03-18T14:31:53.474Z","23133146","XAU/USD","market","sell","0.310","4859.75","cross","filled"
"2026-03-18T14:27:27.556Z","23125142","XAU/USD","stop_loss","sell","0.310","4864.00","cross","filled"
"2026-03-18T14:27:27.344Z","23125059","XAU/USD","stop_loss","sell","0.310","4864.00","cross","cancelled"
"2026-03-18T14:27:27.344Z","23125141","XAU/USD","take_profit","sell","0.310","4868.03","cross","cancelled"
"2026-03-18T14:27:27.344Z","23124967","XAU/USD","stop_loss","sell","0.310","4863.26","cross","cancelled"
"2026-03-18T14:27:17.861Z","23124957","XAU/USD","market","buy","0.310","4863.91","cross","filled"
"2026-03-18T14:26:00.271Z","23121904","XAU/USD","stop_loss","buy","0.310","4864.01","cross","filled"
"2026-03-18T14:25:59.090Z","23121896","XAU/USD","market","sell","0.310","4863.94","cross","filled"
"2026-03-18T14:24:52.544Z","23119789","XAU/USD","stop_loss","buy","0.300","4865.90","cross","filled"
"2026-03-18T14:24:52.344Z","23119616","XAU/USD","stop_loss","buy","0.300","4866.97","cross","cancelled"
"2026-03-18T14:24:45.555Z","23119611","XAU/USD","market","sell","0.300","4866.47","cross","filled"
"2026-03-18T14:23:32.483Z","23117588","XAU/USD","stop_loss","sell","0.300","4868.79","cross","filled"
"2026-03-18T14:23:32.269Z","23117425","XAU/USD","stop_loss","sell","0.300","4868.79","cross","cancelled"
"2026-03-18T14:23:32.269Z","23117352","XAU/USD","stop_loss","sell","0.300","4867.79","cross","cancelled"
"2026-03-18T14:23:32.269Z","23117587","XAU/USD","take_profit","sell","0.300","4874.55","cross","cancelled"
"2026-03-18T14:23:12.121Z","23117346","XAU/USD","market","buy","0.300","4868.48","cross","filled"
"2026-03-18T14:22:23.443Z","23115720","XAU/USD","stop_loss","buy","0.300","4867.20","cross","filled"
"2026-03-18T14:22:16.301Z","23115709","XAU/USD","market","sell","0.300","4866.56","cross","filled"